0.20708272003289, 0.0000010157914399744918
0.20804243211197593, 4.7009515319897474e-8
0.21061407860769088, 6.761727540123368e-8
0.21345522457724178, 2.47410745831219e-7
0.2143112968539281, 6.514177849878788e-7
0.2145083822256094, 4.6378237617972724e-7
0.21464914342080335, 1.8806266892880524e-7
0.2151360377527804, 3.3677761656759414e-7
0.21527252956353674, 1.4071047661613169e-7
0.21532194793774934, 1.0260262093748621e-7
0.21843820955797788, 0.000005694042877881199
0.2198593999573804, 0.000010289239325099963
0.2200111588437096, 0.000020619301341587432
0.22040537031059024, 0.000013717662785738513
0.22108793734834972, 0.000007879814991949863
0.22375390644892437, 0.0000014513498288799752
0.22668043435119406, 0.0000027014998908754193
0.2279300726980143, 0.000003889727893197762
0.22979336513025928, 0.000002070637482191752
0.24413249579210758, 3.8026910464024406e-8
0.24534183764833115, 0.00002325771204783144
0.2574898389294408, 0.000015255745984473033
0.29360280041808007, 3.246565238348626e-8
0.30148128934924967, 0.000011305266290305684
0.3256022834434624, 0.000009393969330662844
0.3516805452481287, 3.161393453420807e-8
0.39158231158234397, 0.000007994237229050862
0.41296734143604136, 3.162175780428514e-8
0.45581106441988284, 0.000006636185085698337
0.5234730883397567, 2.9033518654649404e-8
0.5284828962157394, 0.000006399334599364386
0.6151224426169406, 2.9675140283643522e-8
0.6579501963876443, 0.000005266296377165027
0.7228063590506814, 3.099353168201609e-8
0.7912931644523022, 0.0000043587959002199216
0.8493605063000009, 3.139015951986905e-8
0.9851272475086111, 0.000003669434867483436
0.9980847234462854, 3.1267748611504813e-8
1.1728489886986615, 3.121060026792289e-8
1.1939025765035938, 0.0000030826506888926143
1.3782060870862325, 3.141357146676904e-8
1.4112100556921903, 0.000002664457529067347
1.597849386217237, 3.2726811981659386e-8
1.658575377661076, 0.0000021382580496885994
1.914701846295927, 3.300042589230225e-8
1.9306450910940183, 0.0000017447145068104436
2.2360989207454933, 3.628341451885418e-8
2.353404611791521, 0.0000013979066210357232
2.627642981227229, 3.6141921586109025e-8
2.73952188679103, 0.000001101754621149377
3.087748821549281, 3.597107027072606e-8
3.307660323836124, 8.205755957476653e-7
3.628420167082992, 3.580102660946548e-8
3.993550339933982, 6.265869761813261e-7
4.321618786974207, 3.4111102462126094e-8
4.821522037660397, 4.989980133841406e-7
5.004321431001743, 3.465534570182008e-8
5.821115626775062, 4.010869100338354e-7
5.887035439274226, 4.1059918664932794e-8
6.916862890213532, 4.990833682953961e-8
7.038996961637413, 3.073175840335873e-7
7.797372682056573, 2.563422991460793e-7
8.126922968821727, 5.981245769408937e-8
8.156294066859532, 1.9923081800347013e-7
9.16524987811459, 1.7421193937622198e-7
9.485151876590558, 6.708392644304818e-8
9.80465526407574, 1.3079429464757777e-7
10.074271323125856, 9.458649348972957e-8
