7.009379646559514e-7, 0.00005816895059921907
9.023553870209228e-7, 0.000054079402881349384
0.0000013993374697618491, 0.00005025290614138466
0.0000019255832379055658, 0.00005801547109872708
0.0000025457155425829745, 0.00005393296381356963
0.000003456535055606338, 0.00005587188074234038
0.00000469323237053933, 0.00005788050270103796
0.000006543459246259483, 0.00005189148790174893
0.000008767713845976919, 0.00005778601080942697
0.000012554340484012135, 0.00005568379661904067
0.000017505044397339154, 0.00005563542403639447
0.00002283803149497239, 0.000055596756227381565
0.000034951249970380364, 0.00005757747033576238
0.000047455054962827074, 0.00005753145252650075
0.00007166203003029729, 0.000055430790654691976
0.00011261530152813181, 0.000049679706965120224
0.000159138573025445, 0.00005531529421108227
0.00028948689028953647, 0.00005326961975475414
0.00040904678848891764, 0.00005322149419153295
0.0006602009152566535, 0.00005510992247523662
0.0010797984664193269, 0.00005503908364455108
0.0016306071120942795, 0.000053029426328526305
0.0028127188891742087, 0.0000549014960021802
0.004362195715995958, 0.00005685546395933761
0.0069472169757584775, 0.00005477186794507197
0.011514989409658286, 0.00005671136419842483
0.02012868080332091, 0.00005871137434138
0.03292167302437114, 0.000058635906169415875
0.05832182239463262, 0.00006524889869246285
0.09287827823876335, 0.00005847712876100534
0.1560020427774776, 0.000058397901359338686
0.31147972374376653, 0.00006043637648898967
0.47041558225116686, 0.0000672804878578277
0.710431638585056, 0.00007224263878664056
0.9519465901853112, 0.00008340775594052179
1.2756323286415052, 0.00010351225326572788
1.9012882101039288, 0.00013315042391960177
2.834325047454823, 0.0002205449200386685
3.8493079280215605, 0.00031623669801521297
5.0229327858203545, 0.00040692468140486506
7.486712014759817, 0.0005426890615864258
9.769353852722382, 0.0006983173517620562
14.3704418354565, 0.001076093347350555
19.258761197916726, 0.001543050898545522
27.950521665719023, 0.0019145865020315186
38.46682722453181, 0.002647822438968885
53.64989932509993, 0.003796416665817016
