7.212187958190534e-7, 0.0008422541454231579
9.409657381588287e-7, 0.0008726246025191898
0.0000012607204760623393, 0.00087195748367998
0.000001711653801355478, 0.000810542102072315
0.0000024510797043096356, 0.0008704432006173936
0.0000032839089464444205, 0.000838922898150441
0.000004399832089962848, 0.0008382815441611254
0.0000063843753356491205, 0.0008077573739784815
0.000008668836778625571, 0.0008675733040576101
0.000012087008193642343, 0.000836069727868343
0.000016631241913686807, 0.0008660967424993514
0.000024782505486450343, 0.000804898266421584
0.00004000101320836842, 0.0008958931556612291
0.00005430570651466599, 0.0007747543045717461
0.00008765390104606725, 0.0008623413762222666
0.00012719348901400472, 0.0008615024089079341
0.00018953325047459194, 0.0008006285688674484
0.0003141343617305732, 0.0007712073060194357
0.0005564848049098362, 0.0008277409380810377
0.0008404152130927823, 0.000888789476750892
0.0015085160254762872, 0.000796298470670433
0.002708086713605551, 0.0008546417091275828
0.004256253429932076, 0.0009175785668489552
0.007439332279129044, 0.0008221488112935757
0.013003584402553735, 0.0007918266157072117
0.02184247545823394, 0.0008499899388614166
0.03432854892702564, 0.0008802108485002697
0.05467152172573633, 0.0008479535474788587
0.08823745510046327, 0.0008468930198945988
0.1522093371008227, 0.0009090380205938143
0.2489410721798906, 0.0008756633994321665
0.4126190127331461, 0.0009066710306508209
0.7308918716460407, 0.0008732011613391777
1.1640460761445166, 0.0008721393745856398
2.034694893528651, 0.0008399734450951586
3.417465204420438, 0.0008090782217262481
6.73331332832819, 0.0008373495407995918
12.249120644754713, 0.0008667895092025716
20.033654207075546, 0.00083496600914959
34.558892556771475, 0.0009291985759103058
65.4291902431697, 0.0009971404816855212
119.0462094777682, 0.001281978310003042
179.78612286162402, 0.0013765283060604545
278.8561816495556, 0.0016470931280459474
363.82988858713924, 0.0017692479300319348
404.66584837877986, 0.0017687559613837837
