0.2116710325752965, 0.000015680830014931564
0.23245787970944598, 0.00040720254688980857
0.2199239522178496, 0.0002779621164276158
0.2199917126243976, 0.000181924731573282
0.2200575000432608, 0.00012056254339968362
0.22012131269210491, 0.00008089982559345428
0.22018713886721847, 0.00005361276968661523
0.2212463798562505, 0.000034654756326629225
0.2263363312518781, 0.000021849444320362353
0.22045463534920823, 0.000010086066493496427
0.22052056120279145, 0.00000668409302483667
0.2205845081308997, 0.000004485157203154449
0.22065047282228728, 0.0000029723389188670753
0.22171060351709912, 0.000001937325599966054
0.22078646227603232, 0.0000012732409386374334
0.22085048631058687, 8.543695825388889e-7
0.2209145289109403, 5.732987068015839e-7
0.22197726911138535, 3.705745310811763e-7
0.226073305097593, 2.2694270326751008e-7
0.2482046741366538, 1.7984875719214654e-7
0.25490894645349776, 0.0004091992572747577
0.2763943277643466, 0.0002915504449496007
0.29724577783565914, 1.5045955218907697e-7
0.333703579109216, 0.00022727366623438532
0.36862806839089335, 1.3231636935974944e-7
0.39751269401235373, 0.0001783459615599156
0.45714146249757176, 1.202945969073323e-7
0.47992230573376216, 0.00014432523236659954
0.5668997531408811, 1.1166135042638304e-7
0.5952041350518908, 0.00011826432709330706
0.6994949276792481, 0.00010270629750663565
0.7030191723501749, 1.0193897518272405e-7
0.8287427753057864, 0.00008563638549029777
0.8717803658042272, 9.946152638975307e-8
0.9687495269375611, 0.00007229780543971204
1.08094855469015, 1.1084724795001934e-7
1.1324088413265168, 0.00006103682028932283
1.2990032919499108, 0.00005309345121130076
1.3403029291773705, 1.2353633434041997e-7
1.5473267213273658, 0.00004415937357922361
1.6618747332012982, 1.3882708012477958e-7
1.8680977538337025, 0.0000360039877371498
2.060636902967163, 1.5216845020154276e-7
2.2858777536711075, 0.00002969893374365522
2.5896136911675924, 1.7171883463836613e-7
2.7597786234093253, 0.00002393398427508814
3.1680506005958833, 1.9216910851184962e-7
3.3319472330391395, 0.000019128435971223126
3.9281442515871423, 2.15954895920471e-7
4.022679435665582, 0.00001560875022347874
4.87063257894142, 2.4067603588057595e-7
4.922388768193026, 0.000012589608859040106
5.863566445967912, 0.00001001156319818246
6.0392359728292035, 2.693441124813109e-7
6.984751164459601, 0.00000788242647709725
7.487903967410969, 3.1948458588583823e-7
8.432919514612362, 0.000006237244495149966
9.03767882700538, 3.821061499809779e-7
10.18123003446299, 0.000005009830573597094
11.055786259858138, 4.6197633453734293e-7
12.292489854564696, 0.0000038091615950890088
13.343805819221847, 5.641285193326931e-7
14.447496286786079, 0.0000029692503598073123
16.10463569480978, 7.313514141374777e-7
17.443189707409044, 0.000002303119204967312
19.436821424619897, 9.387339714732858e-7
20.22763166518653, 0.000001761988441142136
22.080856694496298, 0.0000012275530736626303
