0.00016701287271941146, 7.881125098825993e-14
0.00021459423946113137, 8.91591980287968e-14
0.0002676515169813557, 9.942938802788258e-14
0.0003439051875129237, 1.12809406354299e-13
0.00043443606826595665, 1.2652743092687722e-13
0.0005582065037568563, 1.435539798997147e-13
0.0006962171760833177, 1.5916904846703904e-13
0.000894573774585855, 1.8198243617843656e-13
0.0011300647024706798, 2.041121469175709e-13
0.00145201707939085, 2.311342587266376e-13
0.0018110205332524337, 2.577584635748391e-13
0.002326968924733416, 2.907624043272864e-13
0.0029395186797812364, 3.245562192368768e-13
0.0037769822214970624, 3.6787726125576453e-13
0.004710820867017741, 4.1025280357747764e-13
0.005950914874453601, 4.601410019318832e-13
0.0076463674904251365, 5.260921097639908e-13
0.009824796905099614, 5.957406829949309e-13
0.012332251624983996, 6.649916265494003e-13
0.015479629810030782, 7.408666026923151e-13
0.01988976207753056, 8.405635727538239e-13
0.02555623054788599, 9.481911166531608e-13
0.032078814175153125, 1.0676100308028087e-12
0.04026623463083223, 1.2067006940572874e-12
0.0517378682394489, 1.3625185319837293e-12
0.0664776162735976, 1.5355013286672148e-12
0.08397952936245694, 1.7828752455442663e-12
0.10609014704538272, 2.0941229397533426e-12
0.13402273449009205, 2.473936931073317e-12
0.16930972253736262, 2.9226383144675125e-12
0.21117504214493715, 3.3546702575954778e-12
0.2667733214932826, 3.917651743285193e-12
0.3370067393157351, 4.522633081969699e-12
0.433025659107139, 5.23085486746992e-12
0.5563981317034525, 5.992093781734649e-12
0.6939617031071804, 6.643883131838359e-12
0.8766537141461559, 7.581882536812635e-12
1.126407640792606, 8.560909523468525e-12
1.4473131085668598, 9.647786535972528e-12
1.8166982525955795, 1.0821171888145997e-11
2.280367851475445, 1.2207483213790836e-11
2.9300262833799797, 1.3744102203926233e-11
3.764777620327988, 1.553376639855379e-11
4.755851487845428, 1.752352112215558e-11
5.931710322030458, 1.9542044116489628e-11
7.493383022465391, 2.2690326639355408e-11
9.46636321140112, 2.6960778460872018e-11
12.03580471925763, 3.4132995878314365e-11
14.583297042655458, 1.76590550792288e-7
15.210930386373587, 4.831512900320442e-7
15.69925972872822, 4.9831324849819505e-11
17.508785930390427, 0.000001004819980809496
19.45304713176767, 1.1122989072852751e-7
19.563807734796292, 0.000002151063791633419
20.75511483554576, 9.319789142614983e-11
21.307215416770298, 0.00000384370486466573
22.961855751855417, 0.000007283307982023959
23.1320768053383, 8.272400261031808e-8
24.285173159221024, 1.7508052229088932e-10
24.74481766808841, 0.000013668848579280632
25.170826345781375, 4.2540960479107885e-8
25.987593058092187, 3.523065050261834e-10
26.191066424881612, 9.556909640827122e-10
26.202411036558033, 1.741251240907983e-9
26.220965695359688, 4.642486001020639e-9
26.23931497213713, 1.2235713685805587e-8
26.251554956498268, 2.3346141212981714e-8
26.38448469816697, 0.000025530513743887612
28.132996304223397, 0.00004814626031428281
29.998215292482158, 0.00009435547407053032
31.98554449845857, 0.00017287968185468523
34.10240068812291, 0.00029049746885539393
36.36276057296246, 0.0005557870637956035
38.77331732675517, 0.0010777550169499602
41.345482146254945, 0.002220427467828728
43.15205540792295, 0.0033375259195662227
