0.0019881129106497, 0.0002808134890305234
0.0019954651820366367, 0.0000017479953666280808
0.0022381739326977823, 0.00022847178380104328
0.002344919970473017, 0.0000016947743955844227
0.0026992735499490566, 0.00016618559988821084
0.002738841360004081, 0.0000015954435899451872
0.003171694086806606, 0.0000014942740555628748
0.0032588136363570198, 0.00013763469417281822
0.0037043703970797617, 0.0000014786245662145137
0.004167770899151139, 0.00011211962450533853
0.004353162047453519, 0.0000014041235558540127
0.004802982428656358, 0.00010296631895569133
0.005084602210705849, 0.0000012673026746090068
0.0055623590935821735, 0.0000894863587156211
0.005888514138053453, 0.000001098898402014317
0.006739063411693863, 0.00007154252599640633
0.006804109448513255, 0.0000010400001091665454
0.0078228046373914, 9.543091580714018e-7
0.008618696890857244, 0.00005869647180850729
0.009000470561424516, 9.393368408822265e-7
0.010366207717465641, 0.000043633301261555884
0.010576928778284173, 8.809560411297561e-7
0.012353603627238217, 8.419510805161277e-7
0.012619888575826153, 0.000035226645423351474
0.014306301662777722, 7.656630549245765e-7
0.015110462685201281, 0.000026991307780408652
0.016607580510038394, 7.3355506743623e-7
0.018244028587366127, 0.00002030435807758836
0.019232723927538612, 6.655782103444317e-7
0.022027481731194218, 0.000015219752597892709
0.02232686033884934, 6.219637513571697e-7
0.025856129711564896, 5.617751572953686e-7
0.026594929099891647, 0.00001178010028173852
0.0300155346222689, 5.321514671171393e-7
0.03210994559061216, 0.00000892500233611303
0.03596805714983158, 5.271962659445119e-7
0.03876751248380357, 0.000007032095652987418
0.041702806478631685, 5.048012513591598e-7
0.046805557817763875, 0.000005520954821888328
0.049004878438342774, 5.049267200123282e-7
0.05651328143868529, 0.000004022133340554191
0.05758352748856439, 5.297756162976744e-7
0.06490683515414263, 0.000003157566317915596
0.0676646447236722, 5.478209425271781e-7
0.07018580204288737, 0.0000023765856248041796
0.07815008189847802, 0.0000017652188018535047
0.08014184681908396, 7.064801886678531e-7
0.08470553733949265, 0.0000012556113413143134
0.08500975023934115, 9.232071997377356e-7
0.1907471291995977, 1.3000303497300757e-7
0.19650810521174705, 4.997384936227044e-7
0.1967982838219337, 6.560676906934364e-8
0.19827152791581915, 0.0000012572571518341347
0.1983146476896004, 9.321278903742509e-7
0.19835777684100087, 6.9107771846517e-7
0.19942493205493392, 0.0000019297052943627853
0.20078440062384642, 1.0031492178852884e-7
0.2038722144683338, 3.336849275101098e-7
0.20393490601533593, 2.18576612751855e-7
0.2039817217029711, 1.5938069348709155e-7
0.2061234746153444, 5.012169359033499e-8
0.23153009919532913, 0.000001995896501329152
0.23761407269426107, 4.813765565939327e-8
0.24885745121908107, 4.0143792743198274e-8
0.2700884160696397, 0.0000015355479763528188
0.28962546541659684, 4.2356982873869255e-8
0.29999926265922483, 0.0000012455739494183737
0.33951899357520515, 0.0000011676071099796706
0.3403135946526456, 4.681113292676421e-8
0.3741436244935009, 7.738951908465819e-7
0.3998517759008832, 5.561315511528093e-8
0.4566019427191997, 6.108566103922136e-7
0.4635858265945807, 5.6230126429821094e-8
0.5017564615773982, 4.761148502896817e-7
0.509217180793486, 7.809343470870342e-8
0.5372086662315888, 1.1352362914997774e-7
0.54405827058804, 3.303236065591545e-7
0.5591813146747067, 1.60293208171692e-7
0.5666412769219042, 2.0913850186143875e-7
